{
  "target": "occupancy_rate",
  "features_count": 25,
  "train_rows": 53744,
  "val_rows": 11648,
  "test_rows": 10563,
  "val": {
    "MAE": 0.0025900707209231314,
    "RMSE": 0.008200953281248693,
    "MAPE_%": 19.87235455522462,
    "WAPE_%": 0.48730161161088004
  },
  "test": {
    "MAE": 0.003970801646723563,
    "RMSE": 0.01685114209737458,
    "MAPE_%": 21815.16407423693,
    "WAPE_%": 0.7256766743798051
  }
}