{
  "val_mae": 6.442104714513249,
  "val_rmse": 33.366340087942746,
  "test_mae": 6.793195783482984,
  "test_rmse": 34.52848916224847,
  "n_features": 25,
  "train_rows": 53744,
  "val_rows": 11648,
  "test_rows": 10563
}