{
  "val_mae": 799.919598437542,
  "val_rmse": 3085.2551197113658,
  "test_mae": 831.1611136109734,
  "test_rmse": 3141.13449602715,
  "n_features": 26,
  "train_rows": 53744,
  "val_rows": 11648,
  "test_rows": 10563
}